Workbook

Sheet RTM
A1: SkillUp LMS — Phase 1 Requirements Traceability Matrix
A2: Generated 2026-06-08 · Maps each FR to the user story, screen, components, business rules, edge cases, AC count, priority, and phase.
A4: FR ID | B4: Story ID | C4: Story Title | D4: Epic | E4: Screen Ref (Figma) | F4: Components | G4: Business Rules | H4: Edge Cases | I4: Priority | J4: Phase | K4: AC Count | L4: Status
A5: FR-001 | B5: P1-01 | C5: See enrolled courses on dashboard | D5: E1 Dashboard | E5: My Learning | F5: Course Card | G5: BR-30 | H5: — | I5: P0 | J5: Phase 1 | K5: 2 | L5: Draft
A6: FR-002 | B6: P1-02 | C6: Resume last viewed topic | D6: E1 Dashboard | E6: My Learning | F6: Course Card | G6: — | H6: — | I6: P0 | J6: Phase 1 | K6: 2 | L6: Draft
A7: FR-003 | B7: P1-03 | C7: See next-live indicator within 7 days | D7: E1 Dashboard | E7: My Learning | F7: Course Card · Live Strip | G7: BR-31 | H7: — | I7: P1 | J7: Phase 1 | K7: 3 | L7: Draft
A8: FR-004 | B8: P1-04 | C8: See course metadata at a glance | D8: E1 Dashboard | E8: My Learning | F8: Course Card · Badges | G8: — | H8: — | I8: P0 | J8: Phase 1 | K8: 1 | L8: Draft
A9: FR-005 | B9: P1-05 | C9: Navigate course via sidebar | D9: E2 Player chrome | E9: Video player screens | F9: Sidebar v2 (Expanded) | G9: BR-06, BR-34 | H9: — | I9: P0 | J9: Phase 1 | K9: 3 | L9: Draft
A10: FR-006 | B10: P1-06 | C10: Collapse sidebar | D10: E2 Player chrome | E10: Video player screens | F10: Sidebar v2 (Collapsed) | G10: — | H10: — | I10: P0 | J10: Phase 1 | K10: 2 | L10: Draft
A11: FR-007 | B11: P1-07 | C11: Mobile sidebar drawer | D11: E2 Player chrome | E11: Mobile variants | F11: Sidebar v2 (Mobile) | G11: — | H11: EC-17 | I11: P0 | J11: Phase 1 | K11: 2 | L11: Draft
A12: FR-008 | B12: P1-08 | C12: Course progress in topbar | D12: E2 Player chrome | E12: All player screens | F12: Course Player Topbar | G12: — | H12: — | I12: P0 | J12: Phase 1 | K12: 2 | L12: Draft
A13: FR-009 | B13: P1-09 | C13: Open AI panel | D13: E2 Player chrome | E13: All player screens | F13: AI Panel (Ask/Chat/Related) | G13: — | H13: EC-37, EC-38, EC-39 | I13: P1 | J13: Phase 1 | K13: 2 | L13: Draft
A14: FR-010 | B14: P1-10 | C14: Play/pause video | D14: E3 Video | E14: Video · Transcript | F14: Video Player | G14: — | H14: — | I14: P0 | J14: Phase 1 | K14: 2 | L14: Draft
A15: FR-011 | B15: P1-11 | C15: Seek video | D15: E3 Video | E15: Video · Transcript | F15: Video Player | G15: — | H15: — | I15: P0 | J15: Phase 1 | K15: 2 | L15: Draft
A16: FR-012 | B16: P1-12 | C16: Change playback speed | D16: E3 Video | E16: Video · Transcript | F16: Video Player | G16: — | H16: — | I16: P0 | J16: Phase 1 | K16: 2 | L16: Draft
... A77: FR-073 | B77: P1-73 | C77: Generic error handling | D77: E14 A11y | E77: App-wide | F77: Toast + error tracking | G77: — | H77: EC-40 | I77: P0 | J77: Phase 1 | K77: 1 | L77: Draft
A79: TOTAL | B79: =COUNTA(B5:B77)&" stories" -> 73 stories | K79: =SUM(K5:K77) -> 136

Sheet Phase Summary
A1: Phase 1 Build Summary
A3: Epic | B3: Stories | C3: P0 count | D3: AC count
A4: E1 · Dashboard + course entry | B4: 4 | C4: =COUNTIFS(RTM!D:D,"E1*",RTM!I:I,"P0") -> 24 | D4: =SUMIFS(RTM!K:K,RTM!D:D,"E1*") -> 54
A5: E2 · Course Player chrome | B5: 5 | C5: =COUNTIFS(RTM!D:D,"E2*",RTM!I:I,"P0") -> 4 | D5: =SUMIFS(RTM!K:K,RTM!D:D,"E2*") -> 11
A6: E3 · Video playback | B6: 8 | C6: =COUNTIFS(RTM!D:D,"E3*",RTM!I:I,"P0") -> 6 | D6: =SUMIFS(RTM!K:K,RTM!D:D,"E3*") -> 15
A7: E4 · Transcript + auto-scroll | B7: 4 | C7: =COUNTIFS(RTM!D:D,"E4*",RTM!I:I,"P0") -> 2 | D7: =SUMIFS(RTM!K:K,RTM!D:D,"E4*") -> 6
A8: E5 · Notes (transcript-anchored) | B8: 7 | C8: =COUNTIFS(RTM!D:D,"E5*",RTM!I:I,"P0") -> 6 | D8: =SUMIFS(RTM!K:K,RTM!D:D,"E5*") -> 14
A9: E6 · Downloads | B9: 3 | C9: =COUNTIFS(RTM!D:D,"E6*",RTM!I:I,"P0") -> 2 | D9: =SUMIFS(RTM!K:K,RTM!D:D,"E6*") -> 4
A10: E7 · Bookmarks | B10: 4 | C10: =COUNTIFS(RTM!D:D,"E7*",RTM!I:I,"P0") -> 2 | D10: =SUMIFS(RTM!K:K,RTM!D:D,"E7*") -> 7
A11: E8 · Notifications panel | B11: 6 | C11: =COUNTIFS(RTM!D:D,"E8*",RTM!I:I,"P0") -> 4 | D11: =SUMIFS(RTM!K:K,RTM!D:D,"E8*") -> 17
A12: E9 · Saved panel | B12: 4 | C12: =COUNTIFS(RTM!D:D,"E9*",RTM!I:I,"P0") -> 3 | D12: =SUMIFS(RTM!K:K,RTM!D:D,"E9*") -> 8
A13: E10 · Topic completion | B13: 5 | C13: =COUNTIFS(RTM!D:D,"E10*",RTM!I:I,"P0") -> 4 | D13: =SUMIFS(RTM!K:K,RTM!D:D,"E10*") -> 7
A14: E11 · Course completion + Cert | B14: 5 | C14: =COUNTIFS(RTM!D:D,"E11*",RTM!I:I,"P0") -> 4 | D14: =SUMIFS(RTM!K:K,RTM!D:D,"E11*") -> 8
A15: E12 · Peer-graded Assignment | B15: 6 | C15: =COUNTIFS(RTM!D:D,"E12*",RTM!I:I,"P0") -> 3 | D15: =SUMIFS(RTM!K:K,RTM!D:D,"E12*") -> 14
A16: E13 · VILT Join Live | B16: 4 | C16: =COUNTIFS(RTM!D:D,"E13*",RTM!I:I,"P0") -> 2 | D16: =SUMIFS(RTM!K:K,RTM!D:D,"E13*") -> 5
A17: E14 · A11y + analytics + edges | B17: 8 | C17: =COUNTIFS(RTM!D:D,"E14*",RTM!I:I,"P0") -> 8 | D17: =SUMIFS(RTM!K:K,RTM!D:D,"E14*") -> 12
A18: TOTAL | B18: =SUM(B4:B17) -> 73 | C18: =SUM(C4:C17) -> 74 | D18: =SUM(D4:D17) -> 182

Sheet Priority breakdown
A1: Priority breakdown
A3: Priority | B3: Count | C3: Meaning
A4: P0 | B4: =COUNTIF(RTM!I:I,"P0") -> 53 | C4: Must-have for Phase 1 launch. No flexibility.
A5: P1 | B5: =COUNTIF(RTM!I:I,"P1") -> 17 | C5: Should-have. Cut last if scope pressure.
A6: P2 | B6: =COUNTIF(RTM!I:I,"P2") -> 3 | C6: Nice-to-have. Likely Phase 1.5.

Sheet Legend
A1: Legend + codes
A3: Code prefix | B3: Meaning | C3: Source doc
A4: FR-XXX | B4: Functional Requirement ID — unique across the project | C4: This RTM
A5: P1-XX | B5: Phase 1 User Story ID | C5: 02-user-stories-phase1.md
A6: E1..E14 | B6: Epic IDs — group of related stories | C6: 02-user-stories-phase1.md
A7: BR-XX | B7: Business Rule ID | C7: 03-business-rules.md
A8: EC-XX | B8: Edge Case / Failure mode ID | C8: 04-edge-cases-failures.md
A9: P0/P1/P2 | B9: Priority: must / should / could | C9: PM call, can shift
A10: Phase 1 | B10: In current build target | C10: 05-feature-roadmap.md
A11: Phase 1.5 | B11: Fast-follow within 4 weeks of Phase 1 | C11: 05-feature-roadmap.md
A12: Phase 2 | B12: Engagement + scale features | C12: 05-feature-roadmap.md
A13: Phase 3 | B13: Platform expansion | C13: 05-feature-roadmap.md
A16: Status workflow
A17: Status | B17: Meaning
A18: Draft | B18: Story drafted by design + Nelson. Not yet BA-validated.
A19: Refined | B19: BA reviewed + sharpened AC. Ready for estimation.
A20: Estimated | B20: T-shirt sized by engineering.
A21: In Progress | B21: Build started.
A22: In QA | B22: Build done, QA testing.
A23: Done | B23: AC verified, in production behind feature flag or live.
A24: Blocked | B24: Something stopping progress. See Notes.
A25: Cut | B25: Removed from scope. Logged for Phase 1.5+
